pull,timestamp,windows,risk_mean,risks,attack_ratio
0,20:30:38,71,0.6000000000000001,0.54;0.46;0.68;0.64;0.68,0.14084507042253522
0,20:31:18,71,0.6000000000000001,0.54;0.46;0.68;0.64;0.68,0.14084507042253522
0,20:33:18,265,0.45999999999999996,0.56;0.44;0.50;0.42;0.38,0.2
1,20:33:32,17,0.8480000000000001,0.82;0.84;0.86;0.86;0.86,0.7058823529411765
2,20:33:37,4,0.9039999999999999,0.94;0.94;0.94;0.94;0.76,0.75
3,20:33:41,3,0.0,0.00;0.00;0.00;0.00;0.00,1.0
0,20:35:28,265,0.45599999999999996,0.54;0.44;0.50;0.42;0.38,0.2
1,20:36:19,17,0.852,0.82;0.84;0.86;0.88;0.86,0.7058823529411765
2,20:36:56,4,0.9039999999999999,0.94;0.94;0.94;0.94;0.76,0.75
3,20:37:33,3,0.0,0.00;0.00;0.00;0.00;0.00,1.0
4,20:38:11,4,0.86,0.88;0.88;0.88;0.88;0.78,0.75
5,20:38:59,329,0.45199999999999996,0.50;0.46;0.44;0.42;0.44,0.16717325227963525
6,20:39:36,4,0.9039999999999999,0.94;0.94;0.94;0.94;0.76,0.75
7,20:40:14,4,0.8880000000000001,0.92;0.92;0.92;0.92;0.76,0.75
8,20:40:51,4,0.9039999999999999,0.94;0.94;0.94;0.94;0.76,0.75
9,20:41:29,4,0.8880000000000001,0.92;0.92;0.92;0.92;0.76,0.75
10,20:42:06,4,0.8880000000000001,0.92;0.92;0.92;0.92;0.76,0.75
11,20:42:43,6,0.5640000000000001,0.62;0.56;0.52;0.54;0.58,0.6666666666666666
12,20:43:36,257,0.556,0.62;0.54;0.56;0.52;0.54,0.22957198443579765
13,20:44:27,16,0.8560000000000001,0.86;0.84;0.88;0.82;0.88,0.8125
14,20:45:12,244,0.648,0.76;0.62;0.62;0.62;0.62,0.22131147540983606
15,20:45:49,4,0.8879999999999999,0.94;0.96;0.94;0.86;0.74,0.75
16,20:46:41,237,0.6080000000000001,0.62;0.56;0.64;0.58;0.64,0.24472573839662448
17,20:47:32,19,0.86,0.86;0.90;0.88;0.78;0.88,0.6842105263157895
18,20:48:17,244,0.6000000000000001,0.66;0.54;0.60;0.60;0.60,0.22131147540983606
19,20:48:54,4,0.8879999999999999,0.94;0.96;0.94;0.86;0.74,0.75
20,20:49:49,548,0.096,0.12;0.06;0.12;0.06;0.12,0.012773722627737226
21,20:50:42,334,0.18,0.18;0.18;0.18;0.18;0.18,0.020958083832335328
22,20:51:30,534,0.18,0.18;0.18;0.18;0.18;0.18,0.0056179775280898875
23,20:52:24,337,0.14400000000000002,0.16;0.12;0.16;0.12;0.16,0.020771513353115726
24,20:53:16,321,0.508,0.52;0.56;0.52;0.42;0.52,0.1806853582554517
25,20:54:08,342,0.196,0.22;0.22;0.18;0.18;0.18,0.02046783625730994
26,20:54:45,6,0.548,0.60;0.56;0.48;0.54;0.56,0.6666666666666666
27,20:55:36,17,0.968,0.96;1.00;0.96;0.96;0.96,0.8235294117647058
28,20:56:23,314,0.084,0.10;0.06;0.10;0.06;0.10,0.009554140127388535
29,20:57:00,6,0.544,0.62;0.56;0.42;0.54;0.58,0.6666666666666666
30,20:57:53,487,0.10800000000000001,0.14;0.06;0.14;0.06;0.14,0.014373716632443531
31,20:58:37,11,0.992,0.98;1.00;1.00;0.98;1.00,0.8181818181818182
32,20:59:26,397,0.12,0.12;0.12;0.12;0.12;0.12,0.007556675062972292
33,21:00:03,6,0.592,0.72;0.66;0.50;0.50;0.58,0.6666666666666666
34,21:00:55,244,0.524,0.54;0.52;0.52;0.52;0.52,0.24180327868852458
35,21:01:42,274,0.5800000000000001,0.50;0.64;0.56;0.56;0.64,0.20072992700729927
36,21:02:27,246,0.584,0.64;0.58;0.64;0.58;0.48,0.21951219512195122
37,21:03:19,23,0.488,0.50;0.52;0.44;0.54;0.44,0.6086956521739131
38,21:04:12,239,0.604,0.62;0.60;0.60;0.60;0.60,0.2384937238493724
39,21:04:49,4,0.9280000000000002,0.92;0.92;0.92;0.92;0.96,0.75
40,21:05:33,12,0.9879999999999999,0.98;0.98;1.00;0.98;1.00,0.9166666666666666
41,21:06:23,17,0.992,1.00;1.00;0.96;1.00;1.00,0.8235294117647058
42,21:07:07,87,0.396,0.44;0.46;0.40;0.32;0.36,0.5402298850574713
43,21:07:44,4,0.9039999999999999,0.94;0.94;0.94;0.94;0.76,0.75
44,21:08:30,235,0.492,0.54;0.48;0.48;0.48;0.48,0.2297872340425532
45,21:09:23,285,0.504,0.50;0.52;0.48;0.52;0.50,0.20350877192982456
46,21:10:11,531,0.12,0.12;0.12;0.12;0.12;0.12,0.005649717514124294
47,21:10:57,248,0.552,0.56;0.64;0.52;0.52;0.52,0.2217741935483871
48,21:11:34,4,0.8880000000000001,0.92;0.92;0.92;0.92;0.76,0.75
49,21:12:11,5,0.636,0.72;0.68;0.54;0.60;0.64,0.6
50,21:12:48,4,0.9039999999999999,0.94;0.94;0.94;0.94;0.76,0.75
51,21:13:25,4,0.892,0.92;0.94;0.92;0.92;0.76,0.75
52,21:14:09,51,0.536,0.60;0.52;0.48;0.54;0.54,0.2549019607843137
53,21:14:52,10,0.992,1.00;0.98;1.00;0.98;1.00,0.9
54,21:15:29,4,0.9039999999999999,0.94;0.94;0.94;0.94;0.76,0.75
55,21:16:13,10,0.992,1.00;0.98;1.00;0.98;1.00,0.9
56,21:16:50,4,0.9039999999999999,0.94;0.94;0.94;0.94;0.76,0.75
57,21:17:27,6,0.608,0.68;0.62;0.50;0.60;0.64,0.6666666666666666
58,21:18:04,4,0.8800000000000001,0.92;0.92;0.92;0.92;0.72,0.75
59,21:18:51,431,0.084,0.10;0.06;0.10;0.06;0.10,0.0069605568445475635
60,21:19:28,4,0.8880000000000001,0.92;0.92;0.92;0.92;0.76,0.75
61,21:20:20,263,0.552,0.58;0.52;0.60;0.56;0.50,0.22433460076045628
62,21:21:12,240,0.552,0.56;0.58;0.54;0.54;0.54,0.24583333333333332
63,21:22:02,21,0.476,0.42;0.50;0.54;0.44;0.48,0.6666666666666666
64,21:22:39,3,0.0,0.00;0.00;0.00;0.00;0.00,1.0
65,21:23:32,322,0.044,0.06;0.02;0.06;0.02;0.06,0.021739130434782608
66,21:24:18,246,0.532,0.58;0.52;0.50;0.54;0.52,0.22764227642276422
67,21:24:55,5,0.6359999999999999,0.72;0.62;0.54;0.60;0.70,0.6
68,21:25:32,4,0.8880000000000001,0.92;0.92;0.92;0.92;0.76,0.75
69,21:26:19,543,0.172,0.18;0.12;0.18;0.20;0.18,0.0055248618784530384
70,21:27:12,250,0.488,0.36;0.48;0.52;0.60;0.48,0.236
71,21:27:59,324,0.02,0.02;0.02;0.02;0.02;0.02,0.009259259259259259
72,21:28:53,537,0.11599999999999999,0.12;0.10;0.12;0.12;0.12,0.01303538175046555
73,21:29:47,542,0.136,0.16;0.10;0.16;0.10;0.16,0.012915129151291513
74,21:30:40,329,0.56,0.64;0.60;0.52;0.48;0.56,0.17933130699088146
75,21:31:17,4,0.9039999999999999,0.94;0.94;0.94;0.94;0.76,0.75
76,21:31:54,4,0.9039999999999999,0.94;0.94;0.94;0.94;0.76,0.75
77,21:32:31,6,0.652,0.72;0.66;0.64;0.60;0.64,0.6666666666666666
78,21:33:08,4,0.9,0.94;0.94;0.94;0.94;0.74,0.75
79,21:33:56,533,0.1,0.10;0.10;0.10;0.10;0.10,0.005628517823639775
80,21:34:42,321,0.168,0.14;0.18;0.14;0.18;0.20,0.009345794392523364
81,21:35:20,4,0.9039999999999999,0.94;0.94;0.94;0.94;0.76,0.75
82,21:35:57,4,0.9039999999999999,0.94;0.94;0.94;0.94;0.76,0.75
83,21:36:40,10,0.992,1.00;0.98;1.00;0.98;1.00,0.9
84,21:37:33,278,0.692,0.70;0.76;0.72;0.64;0.64,0.21223021582733814
85,21:38:10,4,0.8880000000000001,0.92;0.92;0.92;0.92;0.76,0.75
86,21:38:47,4,0.8640000000000001,0.90;0.90;0.90;0.90;0.72,0.75
87,21:39:42,553,0.16799999999999998,0.18;0.12;0.18;0.18;0.18,0.012658227848101266
88,21:40:28,248,0.488,0.56;0.44;0.50;0.44;0.50,0.21774193548387097
89,21:41:04,4,0.9039999999999999,0.94;0.94;0.94;0.94;0.76,0.75
90,21:41:41,4,0.9039999999999999,0.94;0.94;0.94;0.94;0.76,0.75
91,21:42:32,18,0.9640000000000001,1.00;1.00;0.94;0.94;0.94,0.8333333333333334
92,21:43:09,4,0.9039999999999999,0.94;0.94;0.94;0.94;0.76,0.75
93,21:43:53,76,0.41200000000000003,0.38;0.46;0.44;0.42;0.36,0.4605263157894737
94,21:44:41,516,0.124,0.14;0.14;0.10;0.14;0.10,0.005813953488372093
95,21:45:18,4,0.9039999999999999,0.94;0.94;0.94;0.94;0.76,0.75
96,21:45:55,4,0.9039999999999999,0.94;0.94;0.94;0.94;0.76,0.75
97,21:46:39,12,0.976,0.96;0.96;1.00;0.96;1.00,0.8333333333333334
98,21:47:17,4,0.8880000000000001,0.92;0.92;0.92;0.92;0.76,0.75
99,21:47:54,4,0.8880000000000001,0.92;0.92;0.92;0.92;0.76,0.75
100,21:48:31,4,0.8880000000000001,0.92;0.92;0.92;0.92;0.76,0.75
101,21:49:08,4,0.8880000000000001,0.92;0.92;0.92;0.92;0.76,0.75
102,21:49:58,28,0.484,0.48;0.54;0.38;0.48;0.54,0.5
103,21:50:35,4,0.876,0.90;0.90;0.90;0.90;0.78,0.75
104,21:51:29,249,0.508,0.52;0.50;0.52;0.50;0.50,0.23694779116465864
105,21:52:25,18,0.976,1.00;1.00;0.94;1.00;0.94,0.8333333333333334
106,21:53:22,343,0.40800000000000003,0.42;0.38;0.40;0.42;0.42,0.02040816326530612
107,21:54:17,259,0.56,0.50;0.54;0.66;0.50;0.60,0.22393822393822393
108,21:55:02,253,0.7120000000000001,0.70;0.82;0.68;0.70;0.66,0.2134387351778656
109,21:55:46,48,0.6240000000000001,0.54;0.64;0.64;0.62;0.68,0.22916666666666666
110,21:56:38,254,0.46799999999999997,0.60;0.46;0.52;0.40;0.36,0.22440944881889763
111,21:57:31,240,0.46399999999999997,0.52;0.50;0.48;0.44;0.38,0.24583333333333332
112,21:58:08,4,0.8880000000000001,0.92;0.92;0.92;0.92;0.76,0.75
113,21:58:45,4,0.8880000000000001,0.92;0.92;0.92;0.92;0.76,0.75
114,21:59:22,5,0.536,0.66;0.60;0.44;0.44;0.54,0.8
115,21:59:59,4,0.8880000000000001,0.92;0.92;0.92;0.92;0.76,0.75
116,22:00:36,4,0.9039999999999999,0.94;0.94;0.94;0.94;0.76,0.75
117,22:01:21,238,0.716,0.70;0.82;0.70;0.68;0.68,0.23109243697478993
118,22:02:13,247,0.632,0.68;0.62;0.62;0.62;0.62,0.23076923076923078
119,22:03:01,543,0.184,0.18;0.18;0.18;0.20;0.18,0.0055248618784530384
120,22:03:38,4,0.8880000000000001,0.92;0.92;0.92;0.92;0.76,0.75
121,22:04:15,4,0.86,0.88;0.88;0.88;0.88;0.78,0.75
122,22:05:06,17,0.9879999999999999,1.00;1.00;0.94;1.00;1.00,0.8235294117647058
123,22:05:43,6,0.612,0.68;0.62;0.52;0.60;0.64,0.6666666666666666
124,22:06:28,234,0.5720000000000001,0.56;0.62;0.56;0.54;0.58,0.23076923076923078
125,22:07:05,3,0.0,0.00;0.00;0.00;0.00;0.00,1.0
126,22:07:49,18,0.496,0.52;0.56;0.42;0.50;0.48,0.5555555555555556
127,22:08:34,232,0.512,0.64;0.48;0.46;0.52;0.46,0.23275862068965517
128,22:09:21,235,0.512,0.56;0.50;0.50;0.50;0.50,0.23404255319148937
129,22:09:58,3,0.0,0.00;0.00;0.00;0.00;0.00,1.0
130,22:10:48,16,0.9640000000000001,1.00;1.00;0.94;0.94;0.94,0.875
131,22:11:34,250,0.532,0.58;0.56;0.62;0.44;0.46,0.22
132,22:12:21,483,0.096,0.12;0.06;0.12;0.06;0.12,0.006211180124223602
133,22:13:13,230,0.5800000000000001,0.56;0.54;0.60;0.58;0.62,0.25217391304347825
134,22:13:50,4,0.8800000000000001,0.92;0.92;0.92;0.92;0.72,0.75
135,22:14:44,554,0.14400000000000002,0.16;0.08;0.16;0.16;0.16,0.01263537906137184
136,22:15:21,4,0.8880000000000001,0.92;0.92;0.92;0.92;0.76,0.75
137,22:16:15,368,0.364,0.38;0.34;0.36;0.38;0.36,0.019021739130434784
138,22:17:07,261,0.552,0.56;0.50;0.60;0.54;0.56,0.22988505747126436
139,22:17:44,4,0.8880000000000001,0.92;0.92;0.92;0.92;0.76,0.75
140,22:18:30,332,0.132,0.14;0.14;0.14;0.10;0.14,0.009036144578313253
141,22:19:23,23,0.544,0.60;0.56;0.56;0.60;0.40,0.6086956521739131
142,22:20:12,21,0.472,0.44;0.46;0.52;0.42;0.52,0.6666666666666666
143,22:21:00,540,0.12,0.12;0.12;0.12;0.12;0.12,0.005555555555555556
144,22:21:44,11,0.9960000000000001,0.98;1.00;1.00;1.00;1.00,0.9090909090909091
145,22:22:29,244,0.58,0.58;0.58;0.58;0.58;0.58,0.22540983606557377
146,22:23:20,90,0.44400000000000006,0.48;0.38;0.42;0.48;0.46,0.5444444444444444
147,22:23:57,4,0.9039999999999999,0.94;0.94;0.94;0.94;0.76,0.75
148,22:24:47,17,0.9640000000000001,0.96;0.96;0.98;0.96;0.96,0.8823529411764706
149,22:25:32,239,0.56,0.64;0.54;0.54;0.54;0.54,0.2301255230125523
150,22:26:22,15,0.8959999999999999,0.86;0.90;0.96;0.90;0.86,0.8
151,22:27:15,260,0.496,0.50;0.52;0.48;0.52;0.46,0.23076923076923078
152,22:28:05,21,0.588,0.58;0.62;0.66;0.52;0.56,0.6190476190476191
153,22:28:58,330,0.10799999999999998,0.12;0.12;0.10;0.10;0.10,0.021212121212121213
154,22:29:42,11,0.992,0.98;1.00;1.00;0.98;1.00,0.8181818181818182
155,22:30:34,288,0.576,0.58;0.62;0.50;0.64;0.54,0.2013888888888889
156,22:31:11,4,0.9,0.94;0.94;0.94;0.94;0.74,0.75
157,22:32:04,334,0.16,0.16;0.16;0.16;0.16;0.16,0.020958083832335328
158,22:32:50,314,0.14400000000000002,0.16;0.12;0.16;0.12;0.16,0.009554140127388535
159,22:33:42,282,0.636,0.68;0.64;0.62;0.64;0.60,0.1950354609929078
160,22:34:26,11,0.9879999999999999,0.98;0.98;1.00;0.98;1.00,0.8181818181818182
161,22:35:18,239,0.5640000000000001,0.50;0.52;0.62;0.56;0.62,0.24267782426778242
162,22:35:55,3,0.0,0.00;0.00;0.00;0.00;0.00,1.0
163,22:36:47,328,0.11600000000000002,0.14;0.08;0.14;0.08;0.14,0.021341463414634148
164,22:37:40,395,0.272,0.30;0.26;0.20;0.30;0.30,0.017721518987341773
165,22:38:32,330,0.44000000000000006,0.38;0.44;0.42;0.42;0.54,0.1787878787878788
166,22:39:21,336,0.196,0.22;0.18;0.22;0.18;0.18,0.008928571428571428
167,22:40:13,238,0.588,0.62;0.58;0.58;0.58;0.58,0.24369747899159663
168,22:41:03,18,0.844,0.84;0.84;0.90;0.84;0.80,0.7222222222222222
169,22:41:39,3,0.0,0.00;0.00;0.00;0.00;0.00,1.0
170,22:42:33,507,0.10400000000000001,0.12;0.08;0.12;0.08;0.12,0.013806706114398421
171,22:43:18,70,0.536,0.50;0.52;0.52;0.62;0.52,0.44285714285714284
172,22:44:11,329,0.04,0.04;0.04;0.04;0.04;0.04,0.02127659574468085
173,22:44:48,4,0.9039999999999999,0.94;0.94;0.94;0.94;0.76,0.75
174,22:45:38,17,0.9359999999999999,0.96;0.88;0.98;0.88;0.98,0.7647058823529411
175,22:46:15,4,0.8880000000000001,0.92;0.92;0.92;0.92;0.76,0.75
176,22:46:59,11,0.992,0.98;1.00;1.00;0.98;1.00,0.8181818181818182
177,22:47:44,255,0.484,0.48;0.40;0.52;0.48;0.54,0.2196078431372549
178,22:48:21,4,0.9039999999999999,0.94;0.94;0.94;0.94;0.76,0.75
179,22:48:58,4,0.9039999999999999,0.94;0.94;0.94;0.94;0.76,0.75
180,22:49:35,3,0.0,0.00;0.00;0.00;0.00;0.00,1.0
181,22:50:21,277,0.508,0.64;0.52;0.54;0.40;0.44,0.19855595667870035
182,22:50:58,5,0.616,0.72;0.68;0.54;0.54;0.60,0.6
183,22:51:53,538,0.14,0.14;0.14;0.14;0.14;0.14,0.013011152416356878
184,22:52:46,553,0.156,0.18;0.12;0.18;0.12;0.18,0.012658227848101266
185,22:53:32,242,0.5760000000000001,0.54;0.56;0.60;0.58;0.60,0.2231404958677686
186,22:54:26,539,0.136,0.16;0.10;0.16;0.10;0.16,0.012987012987012988
187,22:55:17,90,0.536,0.52;0.48;0.54;0.56;0.58,0.5555555555555556
188,22:56:03,342,0.312,0.30;0.30;0.32;0.32;0.32,0.008771929824561403
189,22:56:50,440,0.15200000000000002,0.16;0.14;0.16;0.14;0.16,0.006818181818181818
190,22:57:41,228,0.512,0.72;0.50;0.50;0.40;0.44,0.25877192982456143
191,22:58:31,23,0.652,0.78;0.58;0.66;0.62;0.62,0.6521739130434783
192,22:59:27,449,0.136,0.16;0.10;0.16;0.10;0.16,0.015590200445434299
193,23:00:21,331,0.152,0.16;0.16;0.12;0.16;0.16,0.021148036253776436
194,23:01:11,22,0.6719999999999999,0.60;0.64;0.70;0.74;0.68,0.6363636363636364
195,23:02:01,18,0.884,0.88;0.90;0.86;0.92;0.86,0.7222222222222222
196,23:02:38,4,0.8880000000000001,0.92;0.92;0.92;0.92;0.76,0.75
197,23:03:30,255,0.396,0.38;0.46;0.40;0.32;0.42,0.22745098039215686
198,23:04:17,436,0.18400000000000002,0.16;0.20;0.20;0.16;0.20,0.006880733944954129
199,23:04:54,4,0.9039999999999999,0.94;0.94;0.94;0.94;0.76,0.75
200,23:05:31,4,0.9039999999999999,0.94;0.94;0.94;0.94;0.76,0.75
201,23:06:15,54,0.6880000000000001,0.60;0.70;0.68;0.72;0.74,0.3333333333333333
202,23:07:01,270,0.43599999999999994,0.46;0.42;0.48;0.38;0.44,0.2074074074074074
203,23:07:51,27,0.548,0.66;0.52;0.42;0.54;0.60,0.5555555555555556
204,23:08:41,18,0.9640000000000001,1.00;1.00;0.94;0.94;0.94,0.8333333333333334
205,23:09:30,533,0.1,0.10;0.10;0.10;0.10;0.10,0.005628517823639775
206,23:10:17,512,0.132,0.14;0.12;0.14;0.12;0.14,0.005859375
207,23:11:01,11,0.984,0.98;0.98;1.00;0.96;1.00,0.8181818181818182
208,23:11:52,15,0.8320000000000001,0.84;0.90;0.82;0.78;0.82,0.8
209,23:12:35,13,0.976,0.96;0.96;1.00;0.96;1.00,0.8461538461538461
210,23:13:12,4,0.8880000000000001,0.92;0.92;0.92;0.92;0.76,0.75
211,23:13:49,6,0.596,0.68;0.62;0.50;0.60;0.58,0.6666666666666666
212,23:14:37,542,0.14,0.14;0.14;0.14;0.14;0.14,0.005535055350553505
213,23:15:14,4,0.9039999999999999,0.94;0.96;0.94;0.94;0.74,0.75
214,23:15:51,4,0.908,0.94;0.96;0.94;0.94;0.76,0.75
215,23:16:27,4,0.9280000000000002,0.92;0.92;0.92;0.92;0.96,0.75
216,23:17:14,406,0.18800000000000003,0.20;0.20;0.20;0.14;0.20,0.007389162561576354
217,23:17:51,4,0.8880000000000001,0.92;0.92;0.92;0.92;0.76,0.75
218,23:18:46,486,0.10800000000000001,0.14;0.06;0.14;0.06;0.14,0.01440329218106996
219,23:19:36,16,0.9640000000000001,1.00;1.00;0.94;0.94;0.94,0.8125
220,23:20:23,406,0.248,0.26;0.26;0.26;0.20;0.26,0.007389162561576354
221,23:21:16,338,0.508,0.70;0.54;0.40;0.48;0.42,0.0621301775147929
222,23:21:52,4,0.8880000000000001,0.92;0.92;0.92;0.92;0.76,0.75
223,23:22:36,17,0.48,0.48;0.42;0.46;0.54;0.50,0.5294117647058824
224,23:23:27,73,0.42400000000000004,0.48;0.48;0.30;0.46;0.40,0.4657534246575342
225,23:24:19,252,0.536,0.52;0.68;0.52;0.48;0.48,0.23809523809523808
226,23:25:03,48,0.5760000000000001,0.52;0.68;0.56;0.54;0.58,0.22916666666666666
227,23:25:48,248,0.6920000000000001,0.70;0.76;0.66;0.66;0.68,0.2217741935483871
228,23:26:25,4,0.8880000000000001,0.92;0.92;0.92;0.92;0.76,0.75
229,23:27:17,5,0.636,0.72;0.68;0.60;0.54;0.64,0.6
230,23:28:33,71,0.376,0.58;0.36;0.34;0.30;0.30,0.4225352112676056
231,23:30:08,256,0.45200000000000007,0.40;0.46;0.48;0.52;0.40,0.234375
232,23:32:19,252,0.6960000000000001,0.76;0.68;0.68;0.68;0.68,0.2261904761904762
233,23:34:08,346,0.13999999999999999,0.12;0.12;0.16;0.12;0.18,0.02023121387283237
234,23:36:02,254,0.648,0.68;0.64;0.64;0.64;0.64,0.2283464566929134
235,23:37:19,286,0.492,0.54;0.50;0.44;0.52;0.46,0.17832167832167833
236,23:39:01,21,0.4120000000000001,0.40;0.46;0.40;0.30;0.50,0.42857142857142855
237,23:40:10,11,0.9879999999999999,0.98;0.98;1.00;0.98;1.00,0.8181818181818182
238,23:41:45,71,0.4,0.48;0.42;0.34;0.38;0.38,0.4507042253521127
239,23:42:36,6,0.5800000000000001,0.68;0.62;0.52;0.50;0.58,0.6666666666666666
240,23:43:52,15,0.9119999999999999,0.94;0.94;0.90;0.88;0.90,0.8
241,23:44:39,4,0.8880000000000001,0.92;0.92;0.92;0.92;0.76,0.75
242,23:46:05,11,0.9960000000000001,0.98;1.00;1.00;1.00;1.00,0.9090909090909091
243,23:47:39,245,0.5880000000000001,0.54;0.58;0.62;0.58;0.62,0.22857142857142856
244,23:48:43,5,0.536,0.66;0.60;0.44;0.44;0.54,0.8
245,23:50:31,240,0.5800000000000001,0.66;0.56;0.56;0.56;0.56,0.225
246,23:51:51,21,0.36400000000000005,0.42;0.34;0.34;0.32;0.40,0.47619047619047616
247,23:53:31,406,0.248,0.26;0.26;0.26;0.20;0.26,0.007389162561576354
248,23:54:29,4,0.8880000000000001,0.92;0.92;0.92;0.92;0.76,0.75
249,23:55:32,5,0.636,0.72;0.68;0.54;0.60;0.64,0.6
250,23:56:59,247,0.5840000000000001,0.64;0.56;0.58;0.56;0.58,0.22267206477732793
251,23:58:35,4,0.9039999999999999,0.94;0.94;0.94;0.94;0.76,0.75
252,23:59:44,4,0.8880000000000001,0.92;0.92;0.92;0.92;0.76,0.75
253,00:01:54,240,0.536,0.58;0.52;0.54;0.52;0.52,0.24166666666666667
254,00:02:47,4,0.9039999999999999,0.94;0.94;0.94;0.94;0.76,0.75
255,00:04:59,336,0.132,0.14;0.14;0.10;0.14;0.14,0.020833333333333332
256,00:05:55,4,0.9039999999999999,0.94;0.94;0.94;0.94;0.76,0.75
257,00:07:34,328,0.052000000000000005,0.06;0.04;0.06;0.04;0.06,0.009146341463414634
258,00:08:58,12,0.9879999999999999,0.98;0.98;1.00;0.98;1.00,0.9166666666666666
259,00:10:33,424,0.124,0.14;0.10;0.14;0.10;0.14,0.007075471698113208
260,00:11:16,4,0.8880000000000001,0.92;0.92;0.92;0.92;0.76,0.75
261,00:12:35,22,0.604,0.48;0.62;0.56;0.72;0.64,0.5909090909090909
262,00:13:52,409,0.24,0.24;0.24;0.24;0.24;0.24,0.007334963325183374
263,00:14:42,4,0.9039999999999999,0.94;0.94;0.94;0.94;0.76,0.75
264,00:15:35,4,0.8880000000000001,0.92;0.92;0.92;0.92;0.76,0.75
265,00:16:24,6,0.552,0.62;0.56;0.52;0.52;0.54,0.6666666666666666
266,00:40:04,3,0.0,0.00;0.00;0.00;0.00;0.00,1.0
267,05:16:08,4,0.8880000000000001,0.92;0.92;0.92;0.92;0.76,0.75
268,06:37:06,328,0.1,0.10;0.10;0.10;0.10;0.10,0.009146341463414634
269,06:37:40,4,0.8880000000000001,0.92;0.92;0.92;0.92;0.76,0.75
0,07:49:10,265,0.496,0.42;0.48;0.50;0.54;0.54,0.2
0,07:50:15,265,0.508,0.36;0.50;0.56;0.56;0.56,0.2
0,07:51:03,265,0.532,0.48;0.50;0.56;0.56;0.56,0.2
